{
  "CTk": {
    "fg_color": [
      "#121522",
      "#000000"
    ]
  },
  "CTkToplevel": {
    "fg_color": [
      "#121522",
      "#000000"
    ]
  },
  "CTkFrame": {
    "corner_radius": 6,
    "border_width": 2,
    "fg_color": [
      "#171a27",
      "#0f0f0f"
    ],
    "top_fg_color": [
      "#121522",
      "#0e0b0e"
    ],
    "border_color": [
      "#000000",
      "#000000"
    ]
  },
  "CTkButton": {
    "corner_radius": 6,
    "border_width": 0,
    "fg_color": [
      "#a70f0f",
      "#a20a0a"
    ],
    "hover_color": [
      "#e00000",
      "#dd0303"
    ],
    "border_color": [
      "#a20a0a",
      "#a20a0a"
    ],
    "text_color": [
      "#f4f4ee",
      "#f4f4ee"
    ],
    "text_color_disabled": [
      "#c1d6f0",
      "#c1d6f0"
    ]
  },
  "CTkLabel": {
    "corner_radius": 0,
    "fg_color": "transparent",
    "text_color": [
      "#f0e9b6",
      "#f0e9b6"
    ]
  },
  "CTkEntry": {
    "corner_radius": 6,
    "border_width": 2,
    "fg_color": [
      "#d37612",
      "#d37612"
    ],
    "border_color": [
      "#ffdb00",
      "#ffdb00"
    ],
    "text_color": [
      "#f4f4ee",
      "#f4f4ee"
    ],
    "placeholder_text_color": [
      "#1f2323",
      "#1f2323"
    ]
  },
  "CTkSwitch": {
    "corner_radius": 1000,
    "border_width": 3,
    "button_length": 0,
    "fg_color": [
      "#FFF000",
      "#FFF000"
    ],
    "progress_color": [
      "#FF0000",
      "#FF0000"
    ],
    "button_color": [
      "#a20a0a",
      "#e40000"
    ],
    "button_hover_color": [
      "#8e0a0a",
      "#d30000"
    ],
    "text_color": [
      "#f0e9b6",
      "#f0e9b6"
    ],
    "text_color_disabled": [
      "#c1d6f0",
      "#c1d6f0"
    ]
  },
  "CTkProgressBar": {
    "corner_radius": 1000,
    "border_width": 0,
    "fg_color": [
      "#FFF000",
      "#FFF000"
    ],
    "progress_color": [
      "#FF0000",
      "#FF0000"
    ],
    "border_color": [
      "#FFF000",
      "#FFF000"
    ]
  },
  "CTkSlider": {
    "corner_radius": 1000,
    "button_corner_radius": 1000,
    "border_width": 6,
    "button_length": 0,
    "fg_color": [
      "#FFF000",
      "#FFF000"
    ],
    "progress_color": [
      "#FF0000",
      "#FF0000"
    ],
    "button_color": [
      "#a20a0a",
      "#e40000"
    ],
    "button_hover_color": [
      "#000000",
      "#d30000"
    ]
  },
  "CTkOptionMenu": {
    "corner_radius": 6,
    "fg_color": [
      "#d67915",
      "#d67915"
    ],
    "button_color": [
      "#FFF000",
      "#FFF000"
    ],
    "button_hover_color": [
      "#e00000",
      "#e00000"
    ],
    "text_color": [
      "#2e2829",
      "#2e2829"
    ],
    "text_color_disabled": [
      "#c1d6f0",
      "#c1d6f0"
    ]
  },
  "CTkComboBox": {
    "corner_radius": 6,
    "border_width": 1,
    "fg_color": [
      "#d67915",
      "#d67915"
    ],
    "border_color": [
      "#FFF000",
      "#FFF000"
    ],
    "button_color": [
      "#e00000",
      "#e00000"
    ],
    "button_hover_color": [
      "#c95411",
      "#c95411"
    ],
    "text_color": [
      "#f4f4ee",
      "#f4f4ee"
    ],
    "text_color_disabled": [
      "#c1d6f0",
      "#c1d6f0"
    ]
  },
  "CTkScrollbar": {
    "corner_radius": 1000,
    "border_spacing": 4,
    "fg_color": "transparent",
    "button_color": [
      "#ede6b3",
      "#f0e9b6"
    ],
    "button_hover_color": [
      "#e00000",
      "#FF0000"
    ]
  },
  "CTkSegmentedButton": {
    "corner_radius": 6,
    "border_width": 2,
    "fg_color": [
      "#a20a0a",
      "#a20a0a"
    ],
    "selected_color": [
      "#8e0a0a",
      "#8e0a0a"
    ],
    "selected_hover_color": [
      "#b50404",
      "#b20101"
    ],
    "unselected_color": [
      "#121522",
      "#000000"
    ],
    "unselected_hover_color": [
      "#b80707",
      "#b50404"
    ],
    "text_color": [
      "#f4f4ee",
      "#f4f4ee"
    ],
    "text_color_disabled": [
      "#c1d6f0",
      "#c1d6f0"
    ]
  },
  "CTkTextbox": {
    "corner_radius": 6,
    "border_width": 0,
    "fg_color": [
      "#151825",
      "#0b080b"
    ],
    "border_color": [
      "#000000",
      "#000000"
    ],
    "text_color": [
      "#ede6b3",
      "#ede6b3"
    ],
    "scrollbar_button_color": [
      "#ede6b3",
      "#ede6b3"
    ],
    "scrollbar_button_hover_color": [
      "#dd0303",
      "#fc0303"
    ]
  },
  "CTkScrollableFrame": {
    "label_fg_color": [
      "#181b28",
      "#0e0b0e"
    ]
  },
  "DropdownMenu": {
    "fg_color": [
      "#d67915",
      "#d67915"
    ],
    "hover_color": [
      "#FFF000",
      "#FFF000"
    ],
    "text_color": [
      "#2e2829",
      "#2e2829"
    ]
  },
  "CTkFont": {
    "macOS": {
      "family": "SF Display",
      "size": 13,
      "weight": "normal"
    },
    "Windows": {
      "family": "Roboto",
      "size": 13,
      "weight": "normal"
    },
    "Linux": {
      "family": "Roboto",
      "size": 13,
      "weight": "normal"
    }
  },
  "provenance": {
    "theme author": "oldfriend",
    "date created": "May 6 2024 18:24:19",
    "last modified by": "oldfriend",
    "created with": "CTk Theme Builder",
    "last modified": "May 6 2024 18:24:19",
    "keystone colour": "#ac0000",
    "harmony method": "Split-complementary",
    "harmony differential": null,
    "theme name": "plpscripts"
  },
  "CTkCheckBox": {
    "corner_radius": 6,
    "border_width": 3,
    "fg_color": [
      "#ce0000",
      "#a20a0a"
    ],
    "border_color": [
      "#FFF000",
      "#FFF000"
    ],
    "hover_color": [
      "#e00000",
      "#8e0a0a"
    ],
    "checkmark_color": [
      "#FFF000",
      "#FFF000"
    ],
    "text_color": [
      "#f0e9b6",
      "#f0e9b6"
    ],
    "text_color_disabled": [
      "#c1d6f0",
      "#c1d6f0"
    ]
  },
  "CTkRadioButton": {
    "corner_radius": 1000,
    "border_width_checked": 6,
    "border_width_unchecked": 3,
    "fg_color": [
      "#a20a0a",
      "#a20a0a"
    ],
    "border_color": [
      "#fff05e",
      "#f0e9b6"
    ],
    "hover_color": [
      "#d37612",
      "#d37612"
    ],
    "text_color": [
      "#f0e9b6",
      "#ffdea9"
    ],
    "text_color_disabled": [
      "#c1d6f0",
      "#c1d6f0"
    ]
  }
}